candidate	count	decision	rule	score
Il	258	REJECT	mostly-stopwords	-10
Je	187	REJECT	mostly-stopwords	-10
Le	186	REJECT	mostly-stopwords	-10
Fondation	164	REJECT	place-hint+single-cap	0
Vous	156	REJECT	mostly-stopwords	-10
Mulet	125	ACCEPT	whitelisted	999
Mais	116	ACCEPT	single-cap	2
Bayta	107	ACCEPT	whitelisted	999
Toran	95	ACCEPT	whitelisted	999
Et	94	REJECT	mostly-stopwords	-10
C'est	83	ACCEPT	single-cap	2
La	72	REJECT	mostly-stopwords	-10
Barr	67	ACCEPT	single-cap	2
Mis	66	ACCEPT	single-cap	2
Ce	63	ACCEPT	single-cap	2
Riose	61	ACCEPT	whitelisted	999
Les	59	REJECT	mostly-stopwords	-10
Seldon	56	ACCEPT	whitelisted	999
Devers	53	ACCEPT	single-cap	2
Nous	53	REJECT	mostly-stopwords	-10
Si	52	REJECT	mostly-stopwords	-10
Magnifico	51	ACCEPT	whitelisted	999
Galaxie	50	ACCEPT	single-cap	2
On	49	ACCEPT	single-cap	2
Elle	46	REJECT	mostly-stopwords	-10
En	43	REJECT	mostly-stopwords	-10
Ebling	42	ACCEPT	single-cap	2
Alors	34	ACCEPT	single-cap	2
Indbur	34	ACCEPT	whitelisted	999
Un	33	REJECT	mostly-stopwords	-10
J'ai	31	ACCEPT	single-cap	2
Marchand	31	ACCEPT	single-cap	2
Randu	31	ACCEPT	whitelisted	999
Port	30	REJECT	place-hint+single-cap	0
Maire	29	ACCEPT	single-cap	2
Ebling Mis	28	ACCEPT	whitelisted	999
Brodrig	27	ACCEPT	single-cap	2
Pritcher	27	ACCEPT	whitelisted	999
Que	26	REJECT	mostly-stopwords	-10
C'était	25	ACCEPT	single-cap	2
Dans	25	ACCEPT	single-cap	2
Ils	25	REJECT	mostly-stopwords	-10
Trantor	25	ACCEPT	single-cap	2
Une	25	REJECT	mostly-stopwords	-10
Cela	24	ACCEPT	single-cap	2
Ça	24	ACCEPT	single-cap	2
Marchands	22	ACCEPT	single-cap	2
Siwenna	22	ACCEPT	whitelisted	999
Pas	21	REJECT	mostly-stopwords	-10
Comment	20	ACCEPT	single-cap	2
Kalgan	20	ACCEPT	single-cap	2
Le Mulet	20	REJECT	mostly-stopwords	-10
A	19	REJECT	allcaps-short	-2
Ah	19	ACCEPT	single-cap	2
Non	19	REJECT	mostly-stopwords	-10
Oui	19	REJECT	mostly-stopwords	-10
Pour	19	ACCEPT	single-cap	2
Qu'est-ce	19	ACCEPT	single-cap	2
Votre	19	ACCEPT	single-cap	2
Ducem	18	ACCEPT	single-cap	2
Ducem Barr	18	ACCEPT	cap-seq	3
Allons	17	ACCEPT	single-cap	2
Ses	17	ACCEPT	single-cap	2
Tu	17	REJECT	mostly-stopwords	-10
Bon	16	ACCEPT	single-cap	2
Fran	16	ACCEPT	single-cap	2
Torie	16	ACCEPT	single-cap	2
Excellence	15	ACCEPT	single-cap	2
Hari	15	ACCEPT	single-cap	2
Hari Seldon	15	ACCEPT	cap-seq	3
Puis	15	ACCEPT	single-cap	2
Qui	15	REJECT	mostly-stopwords	-10
Seigneur	15	ACCEPT	single-cap	2
Son	15	ACCEPT	single-cap	2
À	15	REJECT	allcaps-short	-2
Forell	14	ACCEPT	single-cap	2
II	14	REJECT	allcaps-short+roman-like	-5
Seconde	14	ACCEPT	single-cap	2
Seconde Fondation	14	REJECT	place-hint+cap-seq	1
Tout	14	ACCEPT	single-cap	2
Voyons	14	ACCEPT	single-cap	2
Est-ce	13	ACCEPT	single-cap	2
Par	13	ACCEPT	single-cap	2
Empire	12	REJECT	place-hint+single-cap	0
Magnifiée	12	ACCEPT	single-cap	2
Sa	12	ACCEPT	single-cap	2
Commason	11	ACCEPT	single-cap	2
Comme	11	ACCEPT	single-cap	2
De	11	REJECT	mostly-stopwords	-10
Des	11	REJECT	mostly-stopwords	-10
Eh	11	ACCEPT	single-cap	2
Néotrantor	11	ACCEPT	whitelisted	999
Oh	11	REJECT	mostly-stopwords	-10
Peut-être	11	REJECT	dialog-lead+single-cap	-1
Rien	11	ACCEPT	single-cap	2
Au	10	REJECT	mostly-stopwords	-10
Bien	10	ACCEPT	single-cap	2
I	10	REJECT	allcaps-short+roman-like	-5
IT	10	REJECT	allcaps-short	-2
Impériale	10	ACCEPT	single-cap	2
Majesté	10	ACCEPT	single-cap	2
Majesté Impériale	10	ACCEPT	title+name+cap-seq	7
Ne	10	REJECT	mostly-stopwords	-10
Pourquoi	10	REJECT	mostly-stopwords	-10
Quand	10	REJECT	mostly-stopwords	-10
Siwennien	10	ACCEPT	single-cap	2
Voilà	10	ACCEPT	single-cap	2
Avec	9	ACCEPT	single-cap	2
Bay	9	ACCEPT	single-cap	2
Cette	9	ACCEPT	single-cap	2
Ma	9	ACCEPT	single-cap	2
Terminus	9	ACCEPT	single-cap	2
Vraiment	9	ACCEPT	single-cap	2
Bel	8	ACCEPT	single-cap	2
Bel Riose	8	ACCEPT	cap-seq	3
Cléon	8	ACCEPT	single-cap	2
Han	8	ACCEPT	single-cap	2
Han Pritcher	8	ACCEPT	cap-seq	3
J'en	8	ACCEPT	single-cap	2
Renard	8	ACCEPT	single-cap	2
Visi-Sonor	8	ACCEPT	single-cap	2
La Fondation	7	REJECT	mostly-stopwords	-10
Le Maire	7	REJECT	mostly-stopwords	-10
Loris	7	ACCEPT	single-cap	2
Moi	7	ACCEPT	single-cap	2
Où	7	REJECT	mostly-stopwords	-10
Sire	7	ACCEPT	single-cap	2
Votre Majesté	7	ACCEPT	cap-seq	3
Votre Majesté Impériale	7	ACCEPT	cap-seq	3
Voulez-vous	7	ACCEPT	single-cap	2
Car	6	ACCEPT	single-cap	2
Certainement	6	ACCEPT	single-cap	2
Horleggor	6	ACCEPT	single-cap	2
Indépendants	6	ACCEPT	single-cap	2
J'avais	6	ACCEPT	single-cap	2
Jusqu'à	6	ACCEPT	single-cap	2
Le Marchand	6	REJECT	mostly-stopwords	-10
Maire Indbur	6	ACCEPT	cap-seq	3
Mon	6	ACCEPT	single-cap	2
Mulet Il	6	REJECT	mostly-stopwords	-10
Personne	6	ACCEPT	single-cap	2
Plan	6	ACCEPT	single-cap	2
Quel	6	ACCEPT	single-cap	2
Radole	6	ACCEPT	single-cap	2
Tiens	6	ACCEPT	single-cap	2
Venez	6	ACCEPT	single-cap	2
Vénéré	6	ACCEPT	single-cap	2
Vénéré Seigneur	6	ACCEPT	cap-seq	3
Attendez	5	ACCEPT	single-cap	2
Cléon II	5	REJECT	cap-seq+allcaps-short-in-seq+roman-in-seq	-2
Combien	5	ACCEPT	single-cap	2
DE	5	REJECT	allcaps-short	-2
Dagobert	5	ACCEPT	single-cap	2
Du	5	REJECT	mostly-stopwords	-10
Fondation Et	5	REJECT	mostly-stopwords	-10
Hella	5	ACCEPT	single-cap	2
IX	5	REJECT	allcaps-short+roman-like	-5
Iwo	5	ACCEPT	single-cap	2
J'espère	5	ACCEPT	single-cap	2
La Galaxie	5	REJECT	mostly-stopwords	-10
Lathan	5	ACCEPT	single-cap	2
Lathan Devers	5	ACCEPT	cap-seq	3
Mangin	5	ACCEPT	single-cap	2
Marchands Indépendants	5	ACCEPT	cap-seq	3
Maïs	5	ACCEPT	single-cap	2
Même	5	ACCEPT	single-cap	2
Notre	5	ACCEPT	single-cap	2
Ou	5	ACCEPT	single-cap	2
S'il	5	ACCEPT	single-cap	2
Seigneurs	5	ACCEPT	single-cap	2
Avez-vous	4	ACCEPT	single-cap	2
Ces	4	ACCEPT	single-cap	2
Cet	4	ACCEPT	single-cap	2
Dagobert IX	4	REJECT	cap-seq+allcaps-short-in-seq+roman-in-seq	-2
Deux	4	ACCEPT	single-cap	2
Déjà	4	ACCEPT	single-cap	2
Elles	4	REJECT	mostly-stopwords	-10
Fondation Il	4	REJECT	mostly-stopwords	-10
Grand	4	ACCEPT	single-cap	2
Hangar	4	ACCEPT	single-cap	2
IL	4	REJECT	allcaps-short+roman-like	-5
J'aurais	4	ACCEPT	single-cap	2
J'étais	4	ACCEPT	single-cap	2
Jamais	4	ACCEPT	single-cap	2
L'homme	4	ACCEPT	single-cap	2
LE	4	REJECT	allcaps-short	-2
Le Maire Indbur	4	ACCEPT	cap-seq	3
Le Siwennien	4	REJECT	mostly-stopwords	-10
Luk	4	ACCEPT	single-cap	2
Mallow	4	ACCEPT	single-cap	2
Merci	4	REJECT	mostly-stopwords	-10
Mes	4	ACCEPT	single-cap	2
Mnémon	4	ACCEPT	single-cap	2
Mulet En	4	REJECT	mostly-stopwords	-10
Mulet Vous	4	REJECT	mostly-stopwords	-10
Patricien	4	ACCEPT	single-cap	2
Pouvez-vous	4	ACCEPT	single-cap	2
Périphérie	4	REJECT	place-hint+single-cap	0
Qu'en	4	ACCEPT	single-cap	2
Qu'y	4	ACCEPT	single-cap	2
Quatre	4	ACCEPT	single-cap	2
Quelle	4	ACCEPT	single-cap	2
Restez	4	ACCEPT	single-cap	2
Sous	4	ACCEPT	single-cap	2
Sur	4	ACCEPT	single-cap	2
Tenez	4	ACCEPT	single-cap	2
Tous	4	ACCEPT	single-cap	2
VI	4	REJECT	allcaps-short+roman-like	-5
Vingt	4	ACCEPT	single-cap	2
X	4	REJECT	allcaps-short+roman-like	-5
Absolument	3	ACCEPT	single-cap	2
Ainsi	3	ACCEPT	single-cap	2
Après	3	ACCEPT	single-cap	2
Aucune	3	ACCEPT	single-cap	2
Bayta Vous	3	REJECT	mostly-stopwords	-10
Chaque	3	ACCEPT	single-cap	2
D'abord	3	ACCEPT	single-cap	2
D'ailleurs	3	ACCEPT	single-cap	2
D'où	3	ACCEPT	single-cap	2
Dehors	3	ACCEPT	single-cap	2
Depuis	3	ACCEPT	single-cap	2
Désormais	3	ACCEPT	single-cap	2
ENCYCLOPEDIA	3	ACCEPT	single-cap	2
ENCYCLOPEDIA GALACTICA	3	ACCEPT	cap-seq	3
ET	3	REJECT	allcaps-short	-2
Enfin	3	ACCEPT	single-cap	2
Exactement	3	ACCEPT	single-cap	2
Faites-le	3	ACCEPT	single-cap	2
Fondation Dans	3	REJECT	place-hint+cap-seq	1
Fondation Je	3	REJECT	mostly-stopwords	-10
GALACTICA	3	ACCEPT	single-cap	2
Galaxie Il	3	REJECT	mostly-stopwords	-10
Gente	3	ACCEPT	single-cap	2
Gilmer	3	ACCEPT	single-cap	2
Gri	3	ACCEPT	single-cap	2
Grâce	3	ACCEPT	single-cap	2
Intéressant	3	ACCEPT	single-cap	2
Inutile	3	ACCEPT	single-cap	2
Iss	3	ACCEPT	single-cap	2
J'imagine	3	ACCEPT	single-cap	2
Jour	3	ACCEPT	single-cap	2
Jusqu'alors	3	ACCEPT	single-cap	2
Kalgan Le	3	REJECT	mostly-stopwords	-10
L'Empire	3	ACCEPT	single-cap	2
L'empereur	3	ACCEPT	single-cap	2
La Seconde	3	REJECT	mostly-stopwords	-10
La Seconde Fondation	3	REJECT	place-hint+cap-seq	1
Lentement	3	ACCEPT	single-cap	2
Leurs	3	ACCEPT	single-cap	2
Lui	3	ACCEPT	single-cap	2
Là	3	ACCEPT	single-cap	2
Magnifico Il	3	REJECT	mostly-stopwords	-10
Maintenant	3	ACCEPT	single-cap	2
Malgré	3	ACCEPT	single-cap	2
Monsieur	3	ACCEPT	single-cap	2
Nos	3	ACCEPT	single-cap	2
Ovall	3	ACCEPT	single-cap	2
Ovall Gri	3	ACCEPT	cap-seq	3
Pendant	3	ACCEPT	single-cap	2
Peu	3	ACCEPT	single-cap	2
Quant	3	ACCEPT	single-cap	2
Quoi	3	REJECT	mostly-stopwords	-10
Regardez	3	ACCEPT	single-cap	2
Réfléchissez	3	ACCEPT	single-cap	2
Sa Majesté	3	ACCEPT	cap-seq	3
Sa Majesté Impériale	3	ACCEPT	cap-seq	3
Sans	3	ACCEPT	single-cap	2
Savez-vous	3	ACCEPT	single-cap	2
Seldon Il	3	REJECT	mostly-stopwords	-10
Senter	3	ACCEPT	single-cap	2
Toran Je	3	REJECT	mostly-stopwords	-10
Toutes	3	ACCEPT	single-cap	2
Allez	2	ACCEPT	single-cap	2
Alors Excellence	2	ACCEPT	cap-seq	3
Auprès	2	ACCEPT	single-cap	2
Aussi	2	ACCEPT	single-cap	2
Aux	2	REJECT	mostly-stopwords	-10
Avant	2	ACCEPT	single-cap	2
Bay Je	2	REJECT	mostly-stopwords	-10
Bayta Le	2	REJECT	mostly-stopwords	-10
Bobo	2	ACCEPT	single-cap	2
C'aurait	2	ACCEPT	single-cap	2
Ca	2	ACCEPT	single-cap	2
Charte	2	ACCEPT	single-cap	2
Cluster	2	ACCEPT	single-cap	2
Cléon IT	2	REJECT	cap-seq+allcaps-short-in-seq	1
Conseil	2	ACCEPT	single-cap	2
Continuez	2	ACCEPT	single-cap	2
D'accord	2	ACCEPT	single-cap	2
D'un	2	ACCEPT	single-cap	2
DE L'EMPIRE	2	ACCEPT	cap-seq	3
Derrière	2	ACCEPT	single-cap	2
ET PAIR	2	REJECT	cap-seq+allcaps-short-in-seq	1
ET PAIR DE	2	REJECT	cap-seq+allcaps-short-in-seq	1
Entre	2	ACCEPT	single-cap	2
Exact	2	ACCEPT	single-cap	2
Faites	2	ACCEPT	single-cap	2
Filia	2	ACCEPT	single-cap	2
Fondation Ah	2	REJECT	place-hint+cap-seq	1
Fondation C'est	2	REJECT	place-hint+cap-seq	1
Fondation En	2	REJECT	mostly-stopwords	-10
Fondation Les	2	REJECT	mostly-stopwords	-10
Fondation Nous	2	REJECT	mostly-stopwords	-10
Fondation Randu	2	REJECT	place-hint+cap-seq	1
Fondation Vous	2	REJECT	mostly-stopwords	-10
Franchement	2	ACCEPT	single-cap	2
Galactique	2	ACCEPT	single-cap	2
Hari Seldon Il	2	REJECT	cap-seq+stopword-in-seq	1
Hein	2	ACCEPT	single-cap	2
Hober	2	ACCEPT	single-cap	2
Hober Mallow	2	ACCEPT	cap-seq	3
IV	2	REJECT	allcaps-short+roman-like	-5
Impériales	2	ACCEPT	single-cap	2
Inchney	2	ACCEPT	single-cap	2
J'affirme	2	ACCEPT	single-cap	2
Jje	2	ACCEPT	single-cap	2
Joue	2	ACCEPT	single-cap	2
Jours	2	ACCEPT	single-cap	2
Joué	2	ACCEPT	single-cap	2
L'EMPIRE	2	ACCEPT	single-cap	2
L'aide	2	ACCEPT	single-cap	2
L'astronef	2	ACCEPT	single-cap	2
L'esprit	2	ACCEPT	single-cap	2
LE MULET	2	ACCEPT	cap-seq	3
Laissez-moi	2	ACCEPT	single-cap	2
Le Bayta	2	REJECT	mostly-stopwords	-10
Le Renard	2	REJECT	mostly-stopwords	-10
Les Marchands	2	REJECT	mostly-stopwords	-10
Lorsque	2	ACCEPT	single-cap	2
MULET	2	ACCEPT	single-cap	2
Mais Devers	2	ACCEPT	cap-seq	3
Marchand Vous	2	REJECT	mostly-stopwords	-10
Miran	2	ACCEPT	single-cap	2
Mis Il	2	REJECT	mostly-stopwords	-10
Mulet Au	2	REJECT	mostly-stopwords	-10
Mulet Ce	2	ACCEPT	cap-seq	3
N'est-il	2	ACCEPT	single-cap	2
NE	2	REJECT	allcaps-short	-2
Non Il	2	REJECT	mostly-stopwords	-10
Nouvelles	2	ACCEPT	single-cap	2
Nouvelles Impériales	2	ACCEPT	cap-seq	3
Néanmoins	2	ACCEPT	single-cap	2
Or	2	ACCEPT	single-cap	2
PAIR	2	REJECT	allcaps-short	-2
PAIR DE	2	REJECT	cap-seq+allcaps-short-in-seq	1
PAIR DE L'EMPIRE	2	REJECT	cap-seq+allcaps-short-in-seq	1
PARTIE	2	ACCEPT	single-cap	2
PARTIE LE	2	ACCEPT	cap-seq	3
Palais	2	ACCEPT	single-cap	2
Parce	2	ACCEPT	single-cap	2
Parfaitement	2	REJECT	dialog-lead+single-cap	-1
Pourtant	2	ACCEPT	single-cap	2
Reprenons	2	ACCEPT	single-cap	2
Riose Les	2	REJECT	mostly-stopwords	-10
Sauf	2	ACCEPT	single-cap	2
Seigneur C'est	2	ACCEPT	cap-seq	3
Seldon Je	2	REJECT	mostly-stopwords	-10
Seldon Mais	2	ACCEPT	cap-seq	3
Seul	2	ACCEPT	single-cap	2
Siwenniens	2	ACCEPT	single-cap	2
Ton	2	ACCEPT	single-cap	2
Toran Ce	2	ACCEPT	cap-seq	3
Toran Il	2	REJECT	mostly-stopwords	-10
Toujours	2	ACCEPT	single-cap	2
Toute	2	ACCEPT	single-cap	2
Toutefois	2	ACCEPT	single-cap	2
Trantor Ce	2	ACCEPT	cap-seq	3
Trois	2	ACCEPT	single-cap	2
Très	2	ACCEPT	single-cap	2
VIT	2	REJECT	allcaps-short	-2
VOUS	2	REJECT	allcaps-short	-2
Vos	2	ACCEPT	single-cap	2
Vraiment Vous	2	REJECT	mostly-stopwords	-10
Vénéré Seigneur C'est	2	ACCEPT	cap-seq	3
A Ducem	1	REJECT	cap-seq+allcaps-short-in-seq	1
A Ducem Barr	1	REJECT	cap-seq+allcaps-short-in-seq	1
A Ebling	1	REJECT	cap-seq+allcaps-short-in-seq	1
A Ebling Mis	1	REJECT	cap-seq+allcaps-short-in-seq	1
AB	1	REJECT	allcaps-short	-2
AMELL	1	ACCEPT	single-cap	2
AMELL BRODRIG	1	ACCEPT	cap-seq	3
AMELL BRODRIG ENVOYÉ	1	ACCEPT	cap-seq	3
AUX	1	REJECT	allcaps-short	-2
AUX PLANS	1	REJECT	cap-seq+allcaps-short-in-seq	1
AUX PLANS L'ENNEMI	1	REJECT	cap-seq+allcaps-short-in-seq	1
Admettons	1	ACCEPT	single-cap	2
Ah Il	1	REJECT	mostly-stopwords	-10
Aimeriez-vous	1	ACCEPT	single-cap	2
Allez Le	1	REJECT	mostly-stopwords	-10
Allons-y	1	ACCEPT	single-cap	2
Allons-y Le	1	REJECT	mostly-stopwords	-10
Altesse	1	ACCEPT	single-cap	2
Anacréon	1	ACCEPT	single-cap	2
Anacréon Comment	1	ACCEPT	cap-seq	3
Appelez-moi	1	ACCEPT	single-cap	2
Appelez-moi Fran	1	ACCEPT	cap-seq	3
Appelez-moi Fran Pas	1	REJECT	cap-seq+stopword-in-seq	1
Arrivé	1	ACCEPT	single-cap	2
As-tu	1	ACCEPT	single-cap	2
Asimov	1	ACCEPT	single-cap	2
Asimov Fondation	1	REJECT	place-hint+cap-seq	1
Asseyez	1	ACCEPT	single-cap	2
Asseyez AB	1	REJECT	cap-seq+allcaps-short-in-seq	1
Assez	1	ACCEPT	single-cap	2
Attention	1	ACCEPT	single-cap	2
Au Mulet	1	REJECT	mostly-stopwords	-10
Aucun	1	ACCEPT	single-cap	2
Aucune La	1	REJECT	mostly-stopwords	-10
Aujourd'hui	1	ACCEPT	single-cap	2
Autant	1	ACCEPT	single-cap	2
Autrefois	1	ACCEPT	single-cap	2
Avec Brodrig	1	ACCEPT	cap-seq	3
Avec Siwenna	1	ACCEPT	cap-seq	3
Avons-nous	1	ACCEPT	single-cap	2
Aïnsi	1	ACCEPT	single-cap	2
BEL	1	REJECT	allcaps-short	-2
BEL RIOSE	1	REJECT	cap-seq+allcaps-short-in-seq	1
BEL RIOSE GOUVERNEUR	1	REJECT	cap-seq+allcaps-short-in-seq	1
BRODRIG	1	ACCEPT	single-cap	2
BRODRIG ENVOYÉ	1	ACCEPT	cap-seq	3
BRODRIG ENVOYÉ EXTRAORDINAIRE	1	ACCEPT	cap-seq	3
Bah	1	ACCEPT	single-cap	2
Barr Attendez	1	ACCEPT	cap-seq	3
Barr Bon	1	ACCEPT	cap-seq	3
Barr Bon Imaginez-vous	1	ACCEPT	cap-seq	3
Barr En	1	REJECT	mostly-stopwords	-10
Barr Franchement	1	ACCEPT	cap-seq	3
Barr Franchement Cléon	1	ACCEPT	cap-seq	3
Barr Il	1	REJECT	mostly-stopwords	-10
Barr L'article	1	ACCEPT	cap-seq	3
Barr Notre	1	ACCEPT	cap-seq	3
Barr Patricien	1	ACCEPT	cap-seq	3
Barr Que	1	REJECT	mostly-stopwords	-10
Barr Relisez-moi	1	ACCEPT	cap-seq	3
Barr Riose	1	ACCEPT	cap-seq	3
Barr Vite	1	ACCEPT	cap-seq	3
Barr Vite IT	1	REJECT	cap-seq+allcaps-short-in-seq	1
Barr Voyons	1	ACCEPT	cap-seq	3
Barr Vraiment	1	ACCEPT	cap-seq	3
Barr Vraiment Alors	1	ACCEPT	cap-seq	3
Barr À	1	REJECT	cap-seq+allcaps-short-in-seq	1
Bataille	1	ACCEPT	single-cap	2
Bay Il	1	REJECT	mostly-stopwords	-10
Bay J'espère	1	ACCEPT	cap-seq	3
Bay Tu	1	REJECT	mostly-stopwords	-10
Bayta Bayta	1	ACCEPT	cap-seq	3
Bayta Bien	1	ACCEPT	cap-seq	3
Bayta Comment	1	ACCEPT	cap-seq	3
Bayta Dans	1	ACCEPT	cap-seq	3
Bayta Et	1	REJECT	mostly-stopwords	-10
Bayta Faut-il	1	ACCEPT	cap-seq	3
Bayta Je	1	REJECT	mostly-stopwords	-10
Bayta Laisse-moi	1	ACCEPT	cap-seq	3
Bayta Mais	1	ACCEPT	cap-seq	3
Bayta Nous	1	REJECT	mostly-stopwords	-10
Bayta Pour	1	ACCEPT	cap-seq	3
Bayta Quant	1	ACCEPT	cap-seq	3
Bayta Qui	1	REJECT	mostly-stopwords	-10
Bayta Torie	1	ACCEPT	cap-seq	3
Bayta Ça	1	ACCEPT	cap-seq	3
Beaucoup	1	ACCEPT	single-cap	2
Belle	1	ACCEPT	single-cap	2
Bibliothèque	1	ACCEPT	single-cap	2
Bigre	1	ACCEPT	single-cap	2
Bon Bon	1	ACCEPT	cap-seq	3
Bon En	1	REJECT	mostly-stopwords	-10
Bon Et	1	REJECT	mostly-stopwords	-10
Bon Il	1	REJECT	mostly-stopwords	-10
Bon Imaginez-vous	1	ACCEPT	cap-seq	3
Bon Je	1	REJECT	mostly-stopwords	-10
Bon Mais	1	ACCEPT	cap-seq	3
Bon Ça	1	ACCEPT	cap-seq	3
Bref	1	ACCEPT	single-cap	2
Brodrig Bref	1	ACCEPT	cap-seq	3
Brodrig Cela	1	ACCEPT	cap-seq	3
Brodrig Eh	1	ACCEPT	cap-seq	3
Brodrig Et	1	REJECT	mostly-stopwords	-10
Brodrig J'ai	1	ACCEPT	cap-seq	3
Brodrig Le	1	REJECT	mostly-stopwords	-10
C'en	1	ACCEPT	single-cap	2
CLOWN	1	ACCEPT	single-cap	2
CLOWN I	1	REJECT	cap-seq+allcaps-short-in-seq+roman-in-seq	-2
CLOWN I La	1	REJECT	cap-seq+allcaps-short-in-seq+roman-in-seq	-2
CLÉON	1	ACCEPT	single-cap	2
CLÉON II	1	REJECT	cap-seq+allcaps-short-in-seq+roman-in-seq	-2
CLÉON II Communément	1	REJECT	cap-seq+allcaps-short-in-seq+roman-in-seq	-2
CONFORMÉMENT	1	ACCEPT	single-cap	2
CONFORMÉMENT AUX	1	REJECT	cap-seq+allcaps-short-in-seq	1
CONFORMÉMENT AUX PLANS	1	REJECT	cap-seq+allcaps-short-in-seq	1
CONSEIL	1	ACCEPT	single-cap	2
CONSEIL ET	1	REJECT	cap-seq+allcaps-short-in-seq	1
CONSEIL ET PAIR	1	REJECT	cap-seq+allcaps-short-in-seq	1
COrps	1	ACCEPT	single-cap	2
Capitaine	1	ACCEPT	single-cap	2
Capitulez	1	ACCEPT	single-cap	2
Capitulez Bayta	1	ACCEPT	cap-seq	3
Car J'ai	1	ACCEPT	cap-seq	3
Ce Visi-Sonor	1	ACCEPT	cap-seq	3
Ceci	1	ACCEPT	single-cap	2
Celles	1	ACCEPT	single-cap	2
Celui	1	ACCEPT	single-cap	2
Celui-ci	1	ACCEPT	single-cap	2
Cent	1	ACCEPT	single-cap	2
Central	1	ACCEPT	single-cap	2
Centrale	1	ACCEPT	single-cap	2
Centraux	1	ACCEPT	single-cap	2
Centraux Si	1	REJECT	mostly-stopwords	-10
Certainement Bay	1	ACCEPT	cap-seq	3
Certainement Bay Il	1	REJECT	cap-seq+stopword-in-seq	1
Certainement Mais	1	ACCEPT	cap-seq	3
Certainement Seul	1	ACCEPT	cap-seq	3
Ces Marchands	1	ACCEPT	cap-seq	3
Ceux	1	ACCEPT	single-cap	2
Chantelui	1	ACCEPT	single-cap	2
Charte Mais	1	ACCEPT	cap-seq	3
Charte On	1	ACCEPT	cap-seq	3
Chez	1	ACCEPT	single-cap	2
Cinq	1	ACCEPT	single-cap	2
Citez-moi	1	ACCEPT	single-cap	2
Clandestin	1	ACCEPT	single-cap	2
Clandestin Voulez-vous	1	ACCEPT	cap-seq	3
Cléon II J'ai	1	REJECT	cap-seq+allcaps-short-in-seq+roman-in-seq	-2
Comme Fran	1	ACCEPT	cap-seq	3
Comme Jje	1	ACCEPT	cap-seq	3
Comme Randu	1	ACCEPT	cap-seq	3
Comment Toran	1	ACCEPT	cap-seq	3
Communément	1	ACCEPT	single-cap	2
Conformément	1	ACCEPT	single-cap	2
Conseils	1	ACCEPT	single-cap	2
Continuez Excellence	1	ACCEPT	cap-seq	3
Contre	1	ACCEPT	single-cap	2
Convention	1	ACCEPT	single-cap	2
Couronne	1	ACCEPT	single-cap	2
Croyez-vous	1	ACCEPT	single-cap	2
Croyezvous	1	ACCEPT	single-cap	2
Cru	1	ACCEPT	single-cap	2
Cru C'est	1	ACCEPT	cap-seq	3
D'après	1	ACCEPT	single-cap	2
D'autant	1	ACCEPT	single-cap	2
D'autre	1	ACCEPT	single-cap	2
D'instinct	1	ACCEPT	single-cap	2
D'être	1	ACCEPT	single-cap	2
DE AMELL	1	ACCEPT	cap-seq	3
DE AMELL BRODRIG	1	ACCEPT	cap-seq	3
DE L'EMPIRE JE	1	REJECT	cap-seq+allcaps-short-in-seq	1
DE L'EMPIRE À	1	REJECT	cap-seq+allcaps-short-in-seq	1
DE SA	1	REJECT	cap-seq+allcaps-short-in-seq	1
DE SA MAJESTÉ	1	REJECT	cap-seq+allcaps-short-in-seq	1
DE SIWENNA	1	ACCEPT	cap-seq	3
DE SIWENNA GÉNÉRAL	1	ACCEPT	cap-seq	3
DES	1	REJECT	allcaps-short	-2
DES FORCES	1	ACCEPT	cap-seq	3
DES FORCES IMPÉRIALES	1	ACCEPT	cap-seq	3
DEUXIÈME	1	ACCEPT	single-cap	2
DEUXIÈME PARTIE	1	ACCEPT	cap-seq	3
DEUXIÈME PARTIE LE	1	ACCEPT	cap-seq	3
DU	1	REJECT	allcaps-short	-2
DU CONSEIL	1	ACCEPT	cap-seq	3
DU CONSEIL ET	1	REJECT	cap-seq+allcaps-short-in-seq	1
Dagobert X	1	REJECT	cap-seq+allcaps-short-in-seq+roman-in-seq	-2
Daluden	1	ACCEPT	single-cap	2
Daluden IV	1	REJECT	cap-seq+allcaps-short-in-seq+roman-in-seq	-2
Daluden IV C'était	1	REJECT	cap-seq+allcaps-short-in-seq+roman-in-seq	-2
De Siwenna	1	REJECT	mostly-stopwords	-10
Dernier	1	ACCEPT	single-cap	2
Devers Ah	1	ACCEPT	cap-seq	3
Devers Bon	1	ACCEPT	cap-seq	3
Devers C'en	1	ACCEPT	cap-seq	3
Devers Devers	1	ACCEPT	cap-seq	3
Devers Et	1	REJECT	mostly-stopwords	-10
Devers Je	1	REJECT	mostly-stopwords	-10
Devers Le	1	REJECT	mostly-stopwords	-10
Devers Les	1	REJECT	mostly-stopwords	-10
Devers Mais	1	ACCEPT	cap-seq	3
Devers Pourquoi	1	REJECT	mostly-stopwords	-10
Dis-lui	1	ACCEPT	single-cap	2
Dites-lui	1	ACCEPT	single-cap	2
Dites-moi	1	ACCEPT	single-cap	2
Dormez	1	ACCEPT	single-cap	2
Dormez Sans	1	ACCEPT	cap-seq	3
Drôle	1	ACCEPT	single-cap	2
Dès	1	ACCEPT	single-cap	2
Déjà Devers	1	ACCEPT	cap-seq	3
Démocrate	1	ACCEPT	single-cap	2
Démocrate Oui	1	REJECT	mostly-stopwords	-10
Démocratique	1	ACCEPT	single-cap	2
Démocratique Clandestin	1	ACCEPT	cap-seq	3
Démocratique Clandestin Voulez-vous	1	ACCEPT	cap-seq	3
Désolé	1	ACCEPT	single-cap	2
Détectés	1	ACCEPT	single-cap	2
ENCYCLOPEDIA GALACTICA Cléon	1	ACCEPT	cap-seq	3
ENCYCLOPEDIA GALACTICA Il	1	REJECT	cap-seq+stopword-in-seq	1
ENCYCLOPEDIA GALACTICA Le	1	ACCEPT	cap-seq	3
ENVOYÉ	1	ACCEPT	single-cap	2
ENVOYÉ EXTRAORDINAIRE	1	ACCEPT	cap-seq	3
ENVOYÉ EXTRAORDINAIRE DE	1	ACCEPT	cap-seq	3
ET LE	1	REJECT	cap-seq+allcaps-short-in-seq	1
ET LE TRIOMPHE	1	REJECT	cap-seq+allcaps-short-in-seq	1
EXTRAORDINAIRE	1	ACCEPT	single-cap	2
EXTRAORDINAIRE DE	1	ACCEPT	cap-seq	3
EXTRAORDINAIRE DE SA	1	REJECT	cap-seq+allcaps-short-in-seq	1
Ebling Mis Ebling	1	ACCEPT	cap-seq	3
Ebling Mis J'avais	1	ACCEPT	cap-seq	3
Ebling Mis Je	1	REJECT	cap-seq+stopword-in-seq	1
Ebling Nous	1	REJECT	mostly-stopwords	-10
Ebling Peut-être	1	REJECT	dialog-lead+cap-seq	0
Ebling Torie	1	ACCEPT	cap-seq	3
Ebling Voyons	1	ACCEPT	cap-seq	3
Ebling Voyons Magnifiée	1	ACCEPT	cap-seq	3
Ecoutez	1	ACCEPT	single-cap	2
Emmenez	1	ACCEPT	single-cap	2
Empire Croyezvous	1	REJECT	place-hint+cap-seq	1
Empire En	1	REJECT	mostly-stopwords	-10
Empire Galactique	1	REJECT	place-hint+cap-seq	1
Empire Galactique Dagobert	1	REJECT	place-hint+cap-seq	1
Empire Il	1	REJECT	mostly-stopwords	-10
Empire L'accomplissement	1	REJECT	place-hint+cap-seq	1
Empire Nous	1	REJECT	mostly-stopwords	-10
Encore	1	ACCEPT	single-cap	2
Enfin Toran	1	ACCEPT	cap-seq	3
Ensuite	1	ACCEPT	single-cap	2
Entourés	1	ACCEPT	single-cap	2
Entrez	1	ACCEPT	single-cap	2
Environ	1	ACCEPT	single-cap	2
Envoyez-moi	1	ACCEPT	single-cap	2
Epargnez-moi	1	ACCEPT	single-cap	2
Epargnons	1	ACCEPT	single-cap	2
Essayons	1	ACCEPT	single-cap	2
Est	1	ACCEPT	single-cap	2
Estce	1	ACCEPT	single-cap	2
Et Ebling	1	REJECT	mostly-stopwords	-10
Et Forell	1	REJECT	mostly-stopwords	-10
Et Hari	1	REJECT	mostly-stopwords	-10
Et Hari Seldon	1	REJECT	cap-seq+stopword-in-seq	1
Etes-vous	1	ACCEPT	single-cap	2
Etre	1	ACCEPT	single-cap	2
Evidemment	1	ACCEPT	single-cap	2
Evidemment Bayta	1	ACCEPT	cap-seq	3
Exact Dehors	1	ACCEPT	cap-seq	3
Exact Je	1	REJECT	mostly-stopwords	-10
Exactement Ce	1	ACCEPT	cap-seq	3
Excellence Les	1	REJECT	mostly-stopwords	-10
Excellence Mais	1	ACCEPT	cap-seq	3
Excellence On	1	ACCEPT	cap-seq	3
Expliquez-moi	1	ACCEPT	single-cap	2
Exécuté	1	ACCEPT	single-cap	2
FAIBLIT	1	ACCEPT	single-cap	2
FAIBLIT VISIBLEMENT	1	ACCEPT	cap-seq	3
FAIBLIT VISIBLEMENT ET	1	REJECT	cap-seq+allcaps-short-in-seq	1
FINAL	1	ACCEPT	single-cap	2
FINAL RECHERCHÉ	1	ACCEPT	cap-seq	3
FINAL RECHERCHÉ NE	1	REJECT	cap-seq+allcaps-short-in-seq	1
FONDATION	1	ACCEPT	single-cap	2
FONDATION Avec	1	ACCEPT	cap-seq	3
FORCES	1	ACCEPT	single-cap	2
FORCES IMPÉRIALES	1	ACCEPT	cap-seq	3
FORCES IMPÉRIALES ET	1	REJECT	cap-seq+allcaps-short-in-seq	1
Faut-il	1	ACCEPT	single-cap	2
Filia Jamais	1	ACCEPT	cap-seq	3
Finissons-en	1	ACCEPT	single-cap	2
Finissons-en Brodrig	1	ACCEPT	cap-seq	3
Flairez-vous	1	ACCEPT	single-cap	2
Flotte	1	ACCEPT	single-cap	2
Fondation Absolument	1	REJECT	place-hint+cap-seq	1
Fondation Aimeriez-vous	1	REJECT	place-hint+cap-seq	1
Fondation C'aurait	1	REJECT	place-hint+cap-seq	1
Fondation C'était	1	REJECT	place-hint+cap-seq	1
Fondation Cela	1	REJECT	place-hint+cap-seq	1
Fondation Ces	1	REJECT	place-hint+cap-seq	1
Fondation Des	1	REJECT	mostly-stopwords	-10
Fondation Elle	1	REJECT	mostly-stopwords	-10
Fondation Elles	1	REJECT	mostly-stopwords	-10
Fondation Est-ce	1	REJECT	place-hint+cap-seq	1
Fondation Exact	1	REJECT	place-hint+cap-seq	1
Fondation Exact Dehors	1	REJECT	place-hint+cap-seq	1
Fondation Exactement	1	REJECT	place-hint+cap-seq	1
Fondation IT	1	REJECT	place-hint+cap-seq+allcaps-short-in-seq	-1
Fondation IT Le	1	REJECT	place-hint+cap-seq+allcaps-short-in-seq	-1
Fondation J'affirme	1	REJECT	place-hint+cap-seq	1
Fondation J'ai	1	REJECT	place-hint+cap-seq	1
Fondation L'inertie	1	REJECT	place-hint+cap-seq	1
Fondation L'inertie Notre	1	REJECT	place-hint+cap-seq	1
Fondation La	1	REJECT	mostly-stopwords	-10
Fondation La Fondation	1	REJECT	place-hint+cap-seq	1
Fondation Magnifiée	1	REJECT	place-hint+cap-seq	1
Fondation Magnifiée Giganticus	1	REJECT	place-hint+cap-seq	1
Fondation Naturellement	1	REJECT	place-hint+cap-seq	1
Fondation Ou	1	REJECT	place-hint+cap-seq	1
Fondation Que	1	REJECT	mostly-stopwords	-10
Fondation Se	1	REJECT	mostly-stopwords	-10
Fondation Ses	1	REJECT	place-hint+cap-seq	1
Fondation Si	1	REJECT	mostly-stopwords	-10
Fondation Tu	1	REJECT	mostly-stopwords	-10
Fondation Une	1	REJECT	mostly-stopwords	-10
Fondation Votre	1	REJECT	place-hint+cap-seq	1
Fondation Votre Majesté	1	REJECT	place-hint+cap-seq	1
Fondation Voyons	1	REJECT	place-hint+cap-seq	1
Fondation X	1	REJECT	place-hint+cap-seq+allcaps-short-in-seq+roman-in-seq	-4
Fondation X Lathan	1	REJECT	place-hint+cap-seq+allcaps-short-in-seq+roman-in-seq	-4
Fondations	1	ACCEPT	single-cap	2
Forell Croyez-vous	1	ACCEPT	cap-seq	3
Forell Désormais	1	ACCEPT	cap-seq	3
Forell Si	1	REJECT	mostly-stopwords	-10
Fort	1	ACCEPT	single-cap	2
Foundation	1	ACCEPT	single-cap	2
Fran Et	1	REJECT	mostly-stopwords	-10
Fran Ma	1	ACCEPT	cap-seq	3
Fran Mais	1	ACCEPT	cap-seq	3
Fran Pas	1	REJECT	mostly-stopwords	-10
Fran Si	1	REJECT	mostly-stopwords	-10
Franchement Cléon	1	ACCEPT	cap-seq	3
GALACTICA Cléon	1	ACCEPT	cap-seq	3
GALACTICA Cléon II	1	REJECT	cap-seq+allcaps-short-in-seq+roman-in-seq	-2
GALACTICA Il	1	REJECT	mostly-stopwords	-10
GALACTICA Le	1	REJECT	mostly-stopwords	-10
GOUVERNEUR	1	ACCEPT	single-cap	2
GOUVERNEUR MILITAIRE	1	ACCEPT	cap-seq	3
GOUVERNEUR MILITAIRE DE	1	ACCEPT	cap-seq	3
Galactique Dagobert	1	ACCEPT	cap-seq	3
Galactique Dagobert IX	1	REJECT	cap-seq+allcaps-short-in-seq+roman-in-seq	-2
Galaxie Bayta	1	ACCEPT	cap-seq	3
Galaxie C'était	1	ACCEPT	cap-seq	3
Galaxie Centrale	1	ACCEPT	cap-seq	3
Galaxie Combien	1	ACCEPT	cap-seq	3
Galaxie Ebling	1	ACCEPT	cap-seq	3
Galaxie Ils	1	REJECT	mostly-stopwords	-10
Galaxie La	1	REJECT	mostly-stopwords	-10
Galaxie Le	1	REJECT	mostly-stopwords	-10
Galaxie Nous	1	REJECT	mostly-stopwords	-10
Galaxie On	1	ACCEPT	cap-seq	3
Galaxie Randu	1	ACCEPT	cap-seq	3
Galaxie VIII	1	REJECT	cap-seq+allcaps-short-in-seq+roman-in-seq	-2
Galaxie VIII Mangeons	1	REJECT	cap-seq+allcaps-short-in-seq+roman-in-seq	-2
Garantis	1	ACCEPT	single-cap	2
Giganticus	1	ACCEPT	single-cap	2
Gilmer Non	1	REJECT	mostly-stopwords	-10
Gilmer Non Votre	1	REJECT	dialog-lead+cap-seq+stopword-in-seq	-2
Gleiar	1	ACCEPT	single-cap	2
Grand Dernier	1	ACCEPT	cap-seq	3
Grand Pillage	1	ACCEPT	cap-seq	3
Grand Seldon	1	ACCEPT	cap-seq	3
Grand Seldon Elle	1	REJECT	cap-seq+stopword-in-seq	1
GÉNÉRAL	1	ACCEPT	single-cap	2
GÉNÉRAL DES	1	ACCEPT	cap-seq	3
GÉNÉRAL DES FORCES	1	ACCEPT	cap-seq	3
Hall	1	ACCEPT	single-cap	2
Hall Central	1	ACCEPT	cap-seq	3
Har	1	ACCEPT	single-cap	2
Hardin	1	ACCEPT	single-cap	2
Hari Seldon Aucune	1	ACCEPT	cap-seq	3
Hari Seldon Et	1	REJECT	cap-seq+stopword-in-seq	1
Hari Seldon Hari	1	ACCEPT	cap-seq	3
Hari Seldon Je	1	REJECT	cap-seq+stopword-in-seq	1
Hein Alors	1	ACCEPT	cap-seq	3
Hella Elle	1	REJECT	mostly-stopwords	-10
Hella Qui	1	REJECT	mostly-stopwords	-10
Hella Vous	1	REJECT	mostly-stopwords	-10
Heureuse	1	ACCEPT	single-cap	2
Heureuse Jusqu'à	1	ACCEPT	cap-seq	3
Heureusement	1	ACCEPT	single-cap	2
Hober Mallow Il	1	REJECT	cap-seq+stopword-in-seq	1
Hober Mallow Qui	1	REJECT	cap-seq+stopword-in-seq	1
Horleggor Ce	1	ACCEPT	cap-seq	3
Horleggor Et	1	REJECT	mostly-stopwords	-10
Horleggor Horleggor	1	ACCEPT	cap-seq	3
Horleggor Nous	1	REJECT	mostly-stopwords	-10
Hum	1	ACCEPT	single-cap	2
Hum En	1	REJECT	mostly-stopwords	-10
Hummm	1	ACCEPT	single-cap	2
Hummm Magnifico	1	ACCEPT	cap-seq	3
Hummm Magnifico Oui	1	REJECT	cap-seq+stopword-in-seq	1
I LE	1	REJECT	cap-seq+allcaps-short-in-seq+roman-in-seq	-2
I LE MULET	1	REJECT	cap-seq+allcaps-short-in-seq+roman-in-seq	-2
I La	1	REJECT	mostly-stopwords	-10
II Communément	1	REJECT	cap-seq+allcaps-short-in-seq+roman-in-seq	-2
II J'ai	1	REJECT	cap-seq+allcaps-short-in-seq+roman-in-seq	-2
III	1	REJECT	allcaps-short+roman-like	-5
IMPÉRIALE	1	ACCEPT	single-cap	2
IMPÉRIALE SECRÉTAIRE	1	ACCEPT	cap-seq	3
IMPÉRIALE SECRÉTAIRE PRIVÉ	1	ACCEPT	cap-seq	3
IMPÉRIALES	1	ACCEPT	single-cap	2
IMPÉRIALES ET	1	REJECT	cap-seq+allcaps-short-in-seq	1
IMPÉRIALES ET PAIR	1	REJECT	cap-seq+allcaps-short-in-seq	1
IT FONDATION	1	REJECT	cap-seq+allcaps-short-in-seq	1
IT FONDATION Avec	1	REJECT	cap-seq+allcaps-short-in-seq	1
IT Je	1	REJECT	mostly-stopwords	-10
IT Le	1	REJECT	mostly-stopwords	-10
IV C'était	1	REJECT	cap-seq+allcaps-short-in-seq+roman-in-seq	-2
IV CLÉON	1	REJECT	cap-seq+allcaps-short-in-seq+roman-in-seq	-2
IV CLÉON II	1	REJECT	cap-seq+allcaps-short-in-seq+roman-in-seq	-2
Ici	1	ACCEPT	single-cap	2
Il Bel	1	REJECT	mostly-stopwords	-10
Il Bel Riose	1	REJECT	cap-seq+stopword-in-seq	1
Imaginez	1	ACCEPT	single-cap	2
Imaginez-vous	1	ACCEPT	single-cap	2
Imaginezvous	1	ACCEPT	single-cap	2
Impériale Ah	1	ACCEPT	cap-seq	3
Impériale Barr	1	ACCEPT	cap-seq	3
Impériale Cléon	1	ACCEPT	cap-seq	3
Impériale Cléon II	1	REJECT	cap-seq+allcaps-short-in-seq+roman-in-seq	-2
Impériale I	1	REJECT	cap-seq+allcaps-short-in-seq+roman-in-seq	-2
Impériale Le	1	REJECT	mostly-stopwords	-10
Impériale Le Marchand	1	ACCEPT	cap-seq	3
Impériale Oui	1	REJECT	mostly-stopwords	-10
Impériale Oui Votre	1	REJECT	dialog-lead+cap-seq+stopword-in-seq	-2
Inchney Réfléchis	1	REJECT	dialog-lead+cap-seq	0
Inchney Réfléchis Si	1	REJECT	dialog-lead+cap-seq+stopword-in-seq	-2
Indbur Alors	1	ACCEPT	cap-seq	3
Indbur Alors Excellence	1	ACCEPT	cap-seq	3
Indbur Certainement	1	ACCEPT	cap-seq	3
Indbur Excellence	1	ACCEPT	cap-seq	3
Indbur III	1	REJECT	cap-seq+allcaps-short-in-seq+roman-in-seq	-2
Indbur Je	1	REJECT	mostly-stopwords	-10
Indbur Le	1	REJECT	mostly-stopwords	-10
Indbur Le Mulet	1	ACCEPT	cap-seq	3
Indbur On	1	ACCEPT	cap-seq	3
Indbur Randu	1	ACCEPT	cap-seq	3
Indépendants Mais	1	ACCEPT	cap-seq	3
Installé	1	ACCEPT	single-cap	2
Intérieure	1	ACCEPT	single-cap	2
Inutile Que	1	REJECT	mostly-stopwords	-10
Isaac	1	ACCEPT	single-cap	2
Isaac Asimov	1	ACCEPT	cap-seq	3
Isaac Asimov Fondation	1	REJECT	place-hint+cap-seq	1
Iwo Autrefois	1	ACCEPT	cap-seq	3
Iwo Lyon	1	ACCEPT	cap-seq	3
J	1	REJECT	allcaps-short	-2
J'acceptai	1	ACCEPT	single-cap	2
J'accepte	1	ACCEPT	single-cap	2
J'aimerais	1	ACCEPT	single-cap	2
J'attendrais	1	ACCEPT	single-cap	2
J'ignore	1	ACCEPT	single-cap	2
JE	1	REJECT	allcaps-short	-2
JE VOUS	1	REJECT	cap-seq+allcaps-short-in-seq	1
JE VOUS SALUE	1	REJECT	cap-seq+allcaps-short-in-seq	1
Jardin	1	ACCEPT	single-cap	2
Jetez	1	ACCEPT	single-cap	2
Jeune	1	ACCEPT	single-cap	2
Jord	1	ACCEPT	single-cap	2
Jord Commason	1	ACCEPT	cap-seq	3
Joue-nous	1	ACCEPT	single-cap	2
Jouer	1	ACCEPT	single-cap	2
Jour La	1	REJECT	mostly-stopwords	-10
Joyeux	1	ACCEPT	single-cap	2
Juddee	1	ACCEPT	single-cap	2
Juste	1	ACCEPT	single-cap	2
Justement	1	ACCEPT	single-cap	2
Kalgan C'est	1	ACCEPT	cap-seq	3
Kalgan Ce	1	ACCEPT	cap-seq	3
Kalgan Conformément	1	ACCEPT	cap-seq	3
Kalgan Le Hangar	1	ACCEPT	cap-seq	3
Kalgan Le Mulet	1	ACCEPT	cap-seq	3
Kalgan Votre	1	ACCEPT	cap-seq	3
L	1	REJECT	allcaps-short+roman-like	-5
L'EMPIRE JE	1	REJECT	cap-seq+allcaps-short-in-seq	1
L'EMPIRE JE VOUS	1	REJECT	cap-seq+allcaps-short-in-seq	1
L'EMPIRE À	1	REJECT	cap-seq+allcaps-short-in-seq	1
L'EMPIRE À BEL	1	REJECT	cap-seq+allcaps-short-in-seq	1
L'ENNEMI	1	ACCEPT	single-cap	2
L'ENNEMI FAIBLIT	1	ACCEPT	cap-seq	3
L'ENNEMI FAIBLIT VISIBLEMENT	1	ACCEPT	cap-seq	3
L'Empereur	1	ACCEPT	single-cap	2
L'OFFENSIVE	1	ACCEPT	single-cap	2
L'OFFENSIVE SE	1	REJECT	cap-seq+allcaps-short-in-seq	1
L'OFFENSIVE SE POURSUIT	1	REJECT	cap-seq+allcaps-short-in-seq	1
L'accent	1	ACCEPT	single-cap	2
L'accomplissement	1	ACCEPT	single-cap	2
L'air	1	ACCEPT	single-cap	2
L'alerte	1	ACCEPT	single-cap	2
L'ancien	1	ACCEPT	single-cap	2
L'ancien Seigneur	1	ACCEPT	cap-seq	3
L'appareil	1	ACCEPT	single-cap	2
L'article	1	ACCEPT	single-cap	2
L'atmosphère	1	ACCEPT	single-cap	2
L'attaque	1	ACCEPT	single-cap	2
L'autre	1	ACCEPT	single-cap	2
L'endroit	1	ACCEPT	single-cap	2
L'ennemi	1	ACCEPT	single-cap	2
L'histoire	1	ACCEPT	single-cap	2
L'idée	1	ACCEPT	single-cap	2
L'imbécile	1	ACCEPT	single-cap	2
L'imbécile Le	1	REJECT	mostly-stopwords	-10
L'inertie	1	ACCEPT	single-cap	2
L'inertie Notre	1	ACCEPT	cap-seq	3
L'inquiétant	1	ACCEPT	single-cap	2
L'intuition	1	ACCEPT	single-cap	2
L'objectif	1	ACCEPT	single-cap	2
L'offensive	1	ACCEPT	single-cap	2
L'un	1	ACCEPT	single-cap	2
L'une	1	ACCEPT	single-cap	2
L'unité	1	ACCEPT	single-cap	2
L'éclair	1	ACCEPT	single-cap	2
L'élément	1	ACCEPT	single-cap	2
L'émerveillement	1	ACCEPT	single-cap	2
L'épisode	1	ACCEPT	single-cap	2
L'état-major	1	ACCEPT	single-cap	2
L'état-major Indbur	1	ACCEPT	cap-seq	3
L'étiquette	1	ACCEPT	single-cap	2
L'étrange	1	ACCEPT	single-cap	2
L'étranger	1	ACCEPT	single-cap	2
LA	1	REJECT	allcaps-short	-2
LA PLANÈTE	1	ACCEPT	cap-seq	3
LA PLANÈTE NE	1	REJECT	cap-seq+allcaps-short-in-seq	1
LE CLOWN	1	ACCEPT	cap-seq	3
LE CLOWN I	1	REJECT	cap-seq+allcaps-short-in-seq+roman-in-seq	-2
LE MULET I	1	REJECT	cap-seq+allcaps-short-in-seq+roman-in-seq	-2
LE MULET On	1	ACCEPT	cap-seq	3
LE TRIOMPHE	1	ACCEPT	cap-seq	3
LE TRIOMPHE FINAL	1	ACCEPT	cap-seq	3
Laisse-moi	1	ACCEPT	single-cap	2
Le Cluster	1	REJECT	mostly-stopwords	-10
Le Hangar	1	REJECT	mostly-stopwords	-10
Le Mulet En	1	REJECT	mostly-stopwords	-10
Le Seigneur	1	REJECT	mostly-stopwords	-10
Lee	1	ACCEPT	single-cap	2
Lee Senter	1	ACCEPT	cap-seq	3
Les Marchands Indépendants	1	ACCEPT	cap-seq	3
Les Seigneurs	1	REJECT	mostly-stopwords	-10
Lesquels	1	ACCEPT	single-cap	2
Lesquels La	1	REJECT	mostly-stopwords	-10
Leurs Marchands	1	ACCEPT	cap-seq	3
Loris Estce	1	ACCEPT	cap-seq	3
Loris Et	1	REJECT	mostly-stopwords	-10
Loris J'attendrais	1	ACCEPT	cap-seq	3
Loris Loris	1	ACCEPT	cap-seq	3
Loris Oui	1	REJECT	mostly-stopwords	-10
Loris VI	1	REJECT	cap-seq+allcaps-short-in-seq+roman-in-seq	-2
Lorsqu'ils	1	ACCEPT	single-cap	2
Lorsque Seldon	1	ACCEPT	cap-seq	3
Luk Attendez	1	ACCEPT	cap-seq	3
Luk Vous	1	REJECT	mostly-stopwords	-10
Lyon	1	ACCEPT	single-cap	2
Là Entre	1	ACCEPT	cap-seq	3
Là-dessus	1	ACCEPT	single-cap	2
MAJESTÉ	1	ACCEPT	single-cap	2
MAJESTÉ IMPÉRIALE	1	ACCEPT	cap-seq	3
MAJESTÉ IMPÉRIALE SECRÉTAIRE	1	ACCEPT	cap-seq	3
MILITAIRE	1	ACCEPT	single-cap	2
MILITAIRE DE	1	ACCEPT	cap-seq	3
MILITAIRE DE SIWENNA	1	ACCEPT	cap-seq	3
MULET I	1	REJECT	cap-seq+allcaps-short-in-seq+roman-in-seq	-2
MULET I LE	1	REJECT	cap-seq+allcaps-short-in-seq+roman-in-seq	-2
MULET On	1	ACCEPT	cap-seq	3
Magnifico Aussi	1	ACCEPT	cap-seq	3
Magnifico Faites-le	1	ACCEPT	cap-seq	3
Magnifico Gente	1	ACCEPT	cap-seq	3
Magnifico Hummm	1	ACCEPT	cap-seq	3
Magnifico Hummm Magnifico	1	ACCEPT	cap-seq	3
Magnifico I	1	REJECT	cap-seq+allcaps-short-in-seq+roman-in-seq	-2
Magnifico Je	1	REJECT	mostly-stopwords	-10
Magnifico Le	1	REJECT	mostly-stopwords	-10
Magnifico Oui	1	REJECT	mostly-stopwords	-10
Magnifico Pas	1	REJECT	mostly-stopwords	-10
Magnifico Qu'est-ce	1	ACCEPT	cap-seq	3
Magnifico Vous	1	REJECT	mostly-stopwords	-10
Magnifiée Elle	1	REJECT	mostly-stopwords	-10
Magnifiée Giganticus	1	ACCEPT	cap-seq	3
Maire D'ailleurs	1	ACCEPT	cap-seq	3
Maire Indbur III	1	REJECT	cap-seq+allcaps-short-in-seq+roman-in-seq	-2
Maire Le	1	REJECT	mostly-stopwords	-10
Maire Les	1	REJECT	mostly-stopwords	-10
Maire Son	1	ACCEPT	cap-seq	3
Maire Son Excellence	1	ACCEPT	cap-seq	3
Maires	1	ACCEPT	single-cap	2
Mairie	1	ACCEPT	single-cap	2
Mais Cléon	1	ACCEPT	cap-seq	3
Mais Cléon II	1	REJECT	cap-seq+allcaps-short-in-seq+roman-in-seq	-2
Mais Néotrantor	1	ACCEPT	cap-seq	3
Mais Randu	1	ACCEPT	cap-seq	3
Majesté Impériale Ah	1	ACCEPT	title+name+cap-seq	7
Majesté Impériale Barr	1	ACCEPT	title+name+cap-seq	7
Majesté Impériale Cléon	1	ACCEPT	title+name+cap-seq	7
Majesté Impériale I	1	ACCEPT	title+name+cap-seq+allcaps-short-in-seq+roman-in-seq	2
Majesté Impériale Le	1	ACCEPT	title+name+cap-seq	7
Majesté Impériale Oui	1	ACCEPT	title+name+cap-seq+stopword-in-seq	5
Malheureusement	1	ACCEPT	single-cap	2
Mallow Il	1	REJECT	mostly-stopwords	-10
Mallow Qui	1	REJECT	mostly-stopwords	-10
Manchot	1	ACCEPT	single-cap	2
Mangeons	1	ACCEPT	single-cap	2
Mangeons Il	1	REJECT	mostly-stopwords	-10
Mangin Je	1	REJECT	mostly-stopwords	-10
Mangin Pour	1	ACCEPT	cap-seq	3
Mangin Toutes	1	ACCEPT	cap-seq	3
Marchand Certainement	1	ACCEPT	cap-seq	3
Marchand Certainement Seul	1	ACCEPT	cap-seq	3
Marchand La	1	REJECT	mostly-stopwords	-10
Marchand Les	1	REJECT	mostly-stopwords	-10
Marchand Mes	1	ACCEPT	cap-seq	3
Marchand Regardez	1	ACCEPT	cap-seq	3
Marchand Tous	1	ACCEPT	cap-seq	3
Marchand Tâchez	1	ACCEPT	cap-seq	3
Marchand-né	1	ACCEPT	single-cap	2
Marchand-né Ce	1	ACCEPT	cap-seq	3
Marchands Ce	1	ACCEPT	cap-seq	3
Marchands Ça	1	ACCEPT	cap-seq	3
Mariée	1	ACCEPT	single-cap	2
Maître	1	ACCEPT	single-cap	2
Mensonge	1	ACCEPT	single-cap	2
Mensonge Dites-moi	1	ACCEPT	cap-seq	3
Mer	1	ACCEPT	single-cap	2
Mer Intérieure	1	ACCEPT	cap-seq	3
Merci Est-ce	1	REJECT	mostly-stopwords	-10
Merci Le	1	REJECT	mostly-stopwords	-10
Messieurs	1	ACCEPT	single-cap	2
Mis Ebling	1	ACCEPT	cap-seq	3
Mis Ebling Mis	1	ACCEPT	cap-seq	3
Mis J'avais	1	ACCEPT	cap-seq	3
Mis Je	1	REJECT	mostly-stopwords	-10
Mis Moi	1	ACCEPT	cap-seq	3
Mis Oui	1	REJECT	mostly-stopwords	-10
Mis Oui Nous	1	REJECT	mostly-stopwords	-10
Mis Vous	1	REJECT	mostly-stopwords	-10
Mnemon	1	ACCEPT	single-cap	2
Mnemon Des	1	REJECT	mostly-stopwords	-10
Mnémon L'élément	1	ACCEPT	cap-seq	3
Moi Moi	1	ACCEPT	cap-seq	3
Monsieur Ma	1	ACCEPT	title+name+cap-seq	7
Mulet Alors	1	ACCEPT	cap-seq	3
Mulet Ca	1	ACCEPT	cap-seq	3
Mulet Citez-moi	1	ACCEPT	cap-seq	3
Mulet D'abord	1	ACCEPT	cap-seq	3
Mulet Du	1	REJECT	mostly-stopwords	-10
Mulet J'en	1	ACCEPT	cap-seq	3
Mulet Je	1	REJECT	mostly-stopwords	-10
Mulet Messieurs	1	ACCEPT	cap-seq	3
Mulet Ontils	1	ACCEPT	cap-seq	3
Mulet Peut-être	1	REJECT	dialog-lead+cap-seq	0
Mulet Que	1	REJECT	mostly-stopwords	-10
Mulet Quel	1	ACCEPT	cap-seq	3
Mulet Qui	1	REJECT	mostly-stopwords	-10
Mulet Rien	1	ACCEPT	cap-seq	3
Mulet Sa	1	ACCEPT	cap-seq	3
Mulet Sous	1	ACCEPT	cap-seq	3
Mulet Toran	1	ACCEPT	cap-seq	3
Mulet Tous	1	ACCEPT	cap-seq	3
Méditer	1	ACCEPT	single-cap	2
Mérite	1	ACCEPT	single-cap	2
N'ai-je	1	ACCEPT	single-cap	2
N'en	1	ACCEPT	single-cap	2
N'est	1	ACCEPT	single-cap	2
N'est-ce	1	ACCEPT	single-cap	2
N'importe	1	ACCEPT	single-cap	2
N'insistez	1	ACCEPT	single-cap	2
N'oubliez	1	ACCEPT	single-cap	2
N'y	1	ACCEPT	single-cap	2
NE RÉSISTE	1	REJECT	cap-seq+allcaps-short-in-seq	1
NE RÉSISTE PLUS	1	REJECT	cap-seq+allcaps-short-in-seq	1
NE TARDERA	1	REJECT	cap-seq+allcaps-short-in-seq	1
NE TARDERA SÛREMENT	1	REJECT	cap-seq+allcaps-short-in-seq	1
Naturellement	1	ACCEPT	single-cap	2
Newton	1	ACCEPT	single-cap	2
Ni	1	REJECT	mostly-stopwords	-10
Ni Toran	1	REJECT	mostly-stopwords	-10
Non La	1	REJECT	mostly-stopwords	-10
Non Riose	1	REJECT	mostly-stopwords	-10
Non Toran	1	REJECT	mostly-stopwords	-10
Non Tout	1	REJECT	mostly-stopwords	-10
Non Votre	1	REJECT	mostly-stopwords	-10
Non Votre Majesté	1	REJECT	dialog-lead+cap-seq+stopword-in-seq	-2
Non Vous	1	REJECT	mostly-stopwords	-10
Notre Fondation	1	REJECT	place-hint+cap-seq	1
Nous-mêmes	1	ACCEPT	single-cap	2
Nova	1	ACCEPT	single-cap	2
Nova Un	1	REJECT	mostly-stopwords	-10
Néotrantor C'était	1	ACCEPT	cap-seq	3
Néotrantor Et	1	REJECT	mostly-stopwords	-10
Néotrantor Il	1	REJECT	mostly-stopwords	-10
Néotrantor Mais	1	ACCEPT	cap-seq	3
Néotrantor Tout	1	ACCEPT	cap-seq	3
Officiellement	1	ACCEPT	single-cap	2
Oh Et	1	REJECT	mostly-stopwords	-10
Oh Par	1	REJECT	mostly-stopwords	-10
Ont-ils	1	ACCEPT	single-cap	2
Ontils	1	ACCEPT	single-cap	2
Onum	1	ACCEPT	whitelisted	999
Onum Barr	1	ACCEPT	whitelisted	999
Onum Barr Riose	1	ACCEPT	cap-seq	3
Orum	1	ACCEPT	whitelisted	999
Orum Palley	1	ACCEPT	cap-seq	3
Oubliez	1	REJECT	dialog-lead+single-cap	-1
Oublié	1	ACCEPT	single-cap	2
Oui Ils	1	REJECT	mostly-stopwords	-10
Oui Mais	1	REJECT	mostly-stopwords	-10
Oui Mangin	1	REJECT	mostly-stopwords	-10
Oui Nous	1	REJECT	mostly-stopwords	-10
Oui Torie	1	REJECT	mostly-stopwords	-10
Oui Votre	1	REJECT	mostly-stopwords	-10
Oui Votre Majesté	1	REJECT	dialog-lead+cap-seq+stopword-in-seq	-2
PARTIE LE CLOWN	1	ACCEPT	cap-seq	3
PARTIE LE MULET	1	ACCEPT	cap-seq	3
PAS	1	REJECT	allcaps-short	-2
PAS Barr	1	REJECT	cap-seq+allcaps-short-in-seq	1
PLANS	1	ACCEPT	single-cap	2
PLANS L'ENNEMI	1	ACCEPT	cap-seq	3
PLANS L'ENNEMI FAIBLIT	1	ACCEPT	cap-seq	3
PLANÈTE	1	ACCEPT	single-cap	2
PLANÈTE NE	1	REJECT	cap-seq+allcaps-short-in-seq	1
PLANÈTE NE RÉSISTE	1	REJECT	cap-seq+allcaps-short-in-seq	1
PLUS	1	REJECT	allcaps-short	-2
PLUS L'OFFENSIVE	1	REJECT	cap-seq+allcaps-short-in-seq	1
PLUS L'OFFENSIVE SE	1	REJECT	cap-seq+allcaps-short-in-seq	1
POURSUIT	1	ACCEPT	single-cap	2
POURSUIT CONFORMÉMENT	1	ACCEPT	cap-seq	3
POURSUIT CONFORMÉMENT AUX	1	REJECT	cap-seq+allcaps-short-in-seq	1
PRIVÉ	1	ACCEPT	single-cap	2
PRIVÉ DU	1	ACCEPT	cap-seq	3
PRIVÉ DU CONSEIL	1	ACCEPT	cap-seq	3
Palley	1	ACCEPT	whitelisted	999
Papa	1	ACCEPT	single-cap	2
Parfaitement J'ai	1	REJECT	dialog-lead+cap-seq	0
Parfaitement Je	1	REJECT	mostly-stopwords	-10
Parler	1	ACCEPT	single-cap	2
Parti	1	ACCEPT	single-cap	2
Parti Démocratique	1	ACCEPT	cap-seq	3
Parti Démocratique Clandestin	1	ACCEPT	cap-seq	3
Partir	1	ACCEPT	single-cap	2
Partir Qui	1	REJECT	mostly-stopwords	-10
Patiemment	1	REJECT	dialog-lead+single-cap	-1
Pensez-vous	1	ACCEPT	single-cap	2
Personne Indbur	1	ACCEPT	cap-seq	3
Peut-être Maïs	1	REJECT	dialog-lead+cap-seq	0
Peut-être Peut-être	1	REJECT	dialog-lead+cap-seq	0
Peut-être Seldon	1	REJECT	dialog-lead+cap-seq	0
Peutêtre	1	REJECT	dialog-lead+single-cap	-1
Peux-tu	1	ACCEPT	single-cap	2
Pillage	1	ACCEPT	single-cap	2
Plan Pour	1	ACCEPT	cap-seq	3
Plan Seldon	1	ACCEPT	cap-seq	3
Port C'est	1	REJECT	place-hint+cap-seq	1
Port Déjà	1	REJECT	place-hint+cap-seq	1
Port II	1	REJECT	place-hint+cap-seq+allcaps-short-in-seq+roman-in-seq	-4
Port IT	1	REJECT	place-hint+cap-seq+allcaps-short-in-seq	-1
Port IT Je	1	REJECT	place-hint+cap-seq+stopword-in-seq+allcaps-short-in-seq	-3
Port Mais	1	REJECT	place-hint+cap-seq	1
Port Nous	1	REJECT	mostly-stopwords	-10
Port Pouvez-vous	1	REJECT	place-hint+cap-seq	1
Port Toran	1	REJECT	place-hint+cap-seq	1
Port Torie	1	REJECT	place-hint+cap-seq	1
Port Torie La	1	REJECT	place-hint+cap-seq	1
Pour Toran	1	ACCEPT	cap-seq	3
Pourquoi C'est	1	REJECT	mostly-stopwords	-10
Pourquoi Ce	1	REJECT	mostly-stopwords	-10
Pourquoi Dans	1	REJECT	mostly-stopwords	-10
Pourquoi Si	1	REJECT	mostly-stopwords	-10
Pouvons-nous	1	ACCEPT	single-cap	2
Première	1	ACCEPT	single-cap	2
Première Elle	1	REJECT	mostly-stopwords	-10
Prenez	1	REJECT	dialog-lead+single-cap	-1
Pritcher Alors	1	ACCEPT	cap-seq	3
Pritcher Ebling	1	ACCEPT	cap-seq	3
Pritcher J'étais	1	ACCEPT	cap-seq	3
Pritcher Pouvez-vous	1	ACCEPT	cap-seq	3
Pritcher Son	1	ACCEPT	cap-seq	3
Précédez-nous	1	ACCEPT	single-cap	2
Psychohistoire	1	ACCEPT	single-cap	2
Psychohistorique	1	ACCEPT	single-cap	2
Psychohistorique Le	1	REJECT	mostly-stopwords	-10
Puis Commason	1	ACCEPT	cap-seq	3
Péninsule	1	REJECT	place-hint+single-cap	0
Péninsule Est	1	REJECT	place-hint+cap-seq	1
Périphérie Cela	1	REJECT	place-hint+cap-seq	1
Périphérie Des	1	REJECT	mostly-stopwords	-10
Périphérie Que	1	REJECT	mostly-stopwords	-10
Qu'a-t-il	1	ACCEPT	single-cap	2
Qu'allez-vous	1	ACCEPT	single-cap	2
Qu'importe	1	ACCEPT	single-cap	2
Qu'ont	1	ACCEPT	single-cap	2
Quand Ebling	1	REJECT	mostly-stopwords	-10
Quand Ebling Mis	1	REJECT	dialog-lead+cap-seq+stopword-in-seq	-2
Quand Seldon	1	REJECT	mostly-stopwords	-10
Quatre Royaumes	1	REJECT	place-hint+cap-seq	1
Quelle Fondation	1	REJECT	place-hint+cap-seq	1
Quelle Fondation Ou	1	REJECT	place-hint+cap-seq	1
Quelles	1	ACCEPT	single-cap	2
Quels	1	ACCEPT	single-cap	2
Quoi Que	1	REJECT	mostly-stopwords	-10
RECHERCHÉ	1	ACCEPT	single-cap	2
RECHERCHÉ NE	1	REJECT	cap-seq+allcaps-short-in-seq	1
RECHERCHÉ NE TARDERA	1	REJECT	cap-seq+allcaps-short-in-seq	1
RIOSE	1	ACCEPT	single-cap	2
RIOSE GOUVERNEUR	1	ACCEPT	cap-seq	3
RIOSE GOUVERNEUR MILITAIRE	1	ACCEPT	cap-seq	3
Radole Ce	1	ACCEPT	cap-seq	3
Radolienne	1	ACCEPT	single-cap	2
Randu Le	1	REJECT	mostly-stopwords	-10
Randu Pas	1	REJECT	mostly-stopwords	-10
Randu Que	1	REJECT	mostly-stopwords	-10
Randu Rien	1	ACCEPT	cap-seq	3
Range	1	ACCEPT	single-cap	2
Rapprochez	1	ACCEPT	single-cap	2
Rares	1	ACCEPT	single-cap	2
Recherchés	1	ACCEPT	single-cap	2
Regarde-moi	1	ACCEPT	single-cap	2
Regardemoi	1	ACCEPT	single-cap	2
Relisez-moi	1	ACCEPT	single-cap	2
Renard Et	1	REJECT	mostly-stopwords	-10
Renard Le	1	REJECT	mostly-stopwords	-10
Renard Le Mulet	1	ACCEPT	cap-seq	3
Renard Vous	1	REJECT	mostly-stopwords	-10
Repérer	1	ACCEPT	single-cap	2
Retenez-le	1	ACCEPT	single-cap	2
Retournez	1	REJECT	dialog-lead+single-cap	-1
Ricker	1	ACCEPT	single-cap	2
Rien Mes	1	ACCEPT	cap-seq	3
Rien Rien	1	ACCEPT	cap-seq	3
Riose Il	1	REJECT	mostly-stopwords	-10
Riose Je	1	REJECT	mostly-stopwords	-10
Riose Merci	1	REJECT	mostly-stopwords	-10
Riose Merci Est-ce	1	REJECT	dialog-lead+cap-seq+stopword-in-seq	-2
Riose N'est	1	ACCEPT	cap-seq	3
Riose Oh	1	REJECT	mostly-stopwords	-10
Riose Oh Et	1	REJECT	mostly-stopwords	-10
Riose Savez-vous	1	ACCEPT	cap-seq	3
Riose Vivant	1	ACCEPT	cap-seq	3
Riose À	1	REJECT	cap-seq+allcaps-short-in-seq	1
Rouilles	1	ACCEPT	single-cap	2
Royaumes	1	REJECT	place-hint+single-cap	0
RÉSISTE	1	ACCEPT	single-cap	2
RÉSISTE PLUS	1	REJECT	cap-seq+allcaps-short-in-seq	1
RÉSISTE PLUS L'OFFENSIVE	1	REJECT	cap-seq+allcaps-short-in-seq	1
Réfléchis	1	REJECT	dialog-lead+single-cap	-1
Réfléchis Si	1	REJECT	mostly-stopwords	-10
Réfléchissez Qu'est-ce	1	ACCEPT	cap-seq	3
Réunissez	1	ACCEPT	single-cap	2
Réveillez	1	REJECT	dialog-lead+single-cap	-1
Réveillez Ebling	1	REJECT	dialog-lead+cap-seq	0
Réveillez Ebling Mis	1	REJECT	dialog-lead+cap-seq	0
S	1	REJECT	allcaps-short	-2
SA	1	REJECT	allcaps-short	-2
SA MAJESTÉ	1	REJECT	cap-seq+allcaps-short-in-seq	1
SA MAJESTÉ IMPÉRIALE	1	REJECT	cap-seq+allcaps-short-in-seq	1
SALUE	1	ACCEPT	single-cap	2
SALUE LA	1	ACCEPT	cap-seq	3
SALUE LA PLANÈTE	1	ACCEPT	cap-seq	3
SE	1	REJECT	allcaps-short	-2
SE POURSUIT	1	REJECT	cap-seq+allcaps-short-in-seq	1
SE POURSUIT CONFORMÉMENT	1	REJECT	cap-seq+allcaps-short-in-seq	1
SECRÉTAIRE	1	ACCEPT	single-cap	2
SECRÉTAIRE PRIVÉ	1	ACCEPT	cap-seq	3
SECRÉTAIRE PRIVÉ DU	1	ACCEPT	cap-seq	3
SIWENNA	1	ACCEPT	single-cap	2
SIWENNA GÉNÉRAL	1	ACCEPT	cap-seq	3
SIWENNA GÉNÉRAL DES	1	ACCEPT	cap-seq	3
SUIVIS	1	ACCEPT	single-cap	2
SUIVIS Un	1	REJECT	mostly-stopwords	-10
Sa Seigneurie	1	ACCEPT	cap-seq	3
Sachant	1	ACCEPT	single-cap	2
Sachez	1	ACCEPT	single-cap	2
Salvor	1	ACCEPT	single-cap	2
Salvor Hardin	1	ACCEPT	cap-seq	3
Sammin	1	ACCEPT	single-cap	2
Savant	1	ACCEPT	single-cap	2
Se	1	REJECT	mostly-stopwords	-10
Seconde Fondation Ah	1	REJECT	place-hint+cap-seq	1
Seconde Fondation C'aurait	1	REJECT	place-hint+cap-seq	1
Seconde Fondation Dans	1	REJECT	place-hint+cap-seq	1
Seconde Fondation Est-ce	1	REJECT	place-hint+cap-seq	1
Seconde Fondation Et	1	REJECT	place-hint+cap-seq+stopword-in-seq	-1
Seconde Fondation Naturellement	1	REJECT	place-hint+cap-seq	1
Secteurs	1	ACCEPT	single-cap	2
Secteurs Centraux	1	ACCEPT	cap-seq	3
Secteurs Centraux Si	1	REJECT	cap-seq+stopword-in-seq	1
Seigneur Et	1	REJECT	mostly-stopwords	-10
Seigneurie	1	ACCEPT	single-cap	2
Seigneurs Mais	1	ACCEPT	cap-seq	3
Seldon Aucune	1	ACCEPT	cap-seq	3
Seldon Bien	1	ACCEPT	cap-seq	3
Seldon Bon	1	ACCEPT	cap-seq	3
Seldon Bon Bon	1	ACCEPT	cap-seq	3
Seldon Elle	1	REJECT	mostly-stopwords	-10
Seldon Et	1	REJECT	mostly-stopwords	-10
Seldon Hari	1	ACCEPT	cap-seq	3
Seldon Hari Seldon	1	ACCEPT	cap-seq	3
Seldon Le	1	REJECT	mostly-stopwords	-10
Seldon Le Mulet	1	ACCEPT	cap-seq	3
Seldon S'il	1	ACCEPT	cap-seq	3
Sept	1	ACCEPT	single-cap	2
Sept Jours	1	ACCEPT	cap-seq	3
Seul Magnifiée	1	ACCEPT	cap-seq	3
Seuls	1	ACCEPT	single-cap	2
Si D'un	1	REJECT	mostly-stopwords	-10
Si Magnifico	1	REJECT	mostly-stopwords	-10
Si Randu	1	REJECT	mostly-stopwords	-10
Si Seldon	1	REJECT	mostly-stopwords	-10
Sice	1	ACCEPT	single-cap	2
Sire Il	1	REJECT	mostly-stopwords	-10
Sire Pas	1	REJECT	mostly-stopwords	-10
Siwenna C'est	1	ACCEPT	cap-seq	3
Siwenna Encore	1	ACCEPT	cap-seq	3
Siwenna Et	1	REJECT	mostly-stopwords	-10
Siwenna Il	1	REJECT	mostly-stopwords	-10
Siwenna Je	1	REJECT	mostly-stopwords	-10
Siwenna Mon	1	ACCEPT	cap-seq	3
Siwenna Riose	1	ACCEPT	cap-seq	3
Siwenna Vous	1	REJECT	mostly-stopwords	-10
Siwennien Vous	1	REJECT	mostly-stopwords	-10
Siwenniens Ah	1	ACCEPT	cap-seq	3
Siwenniens C'est	1	ACCEPT	cap-seq	3
Soleil	1	ACCEPT	single-cap	2
Soleil Les	1	REJECT	mostly-stopwords	-10
Solidement	1	ACCEPT	single-cap	2
Son Excellence	1	ACCEPT	cap-seq	3
Sont-ils	1	ACCEPT	single-cap	2
Souhaiter	1	ACCEPT	single-cap	2
Souvent	1	ACCEPT	single-cap	2
Soyez	1	ACCEPT	single-cap	2
Spéciaux	1	ACCEPT	single-cap	2
Spéciaux Si	1	REJECT	mostly-stopwords	-10
Stanel	1	ACCEPT	single-cap	2
Stanel VI	1	REJECT	cap-seq+allcaps-short-in-seq+roman-in-seq	-2
Starlet	1	ACCEPT	single-cap	2
Starlet Aucune	1	ACCEPT	cap-seq	3
Starlet Aucune La	1	ACCEPT	cap-seq	3
Sud	1	ACCEPT	single-cap	2
Suivis	1	ACCEPT	single-cap	2
Summa	1	ACCEPT	single-cap	2
Summa Devers	1	ACCEPT	cap-seq	3
Summa Devers Ah	1	ACCEPT	cap-seq	3
Supposez	1	ACCEPT	single-cap	2
Sur Siwenna	1	ACCEPT	cap-seq	3
Sur Siwenna Mon	1	ACCEPT	cap-seq	3
Sur Trantor	1	ACCEPT	cap-seq	3
Sur Trantor Exactement	1	ACCEPT	cap-seq	3
Surtout	1	ACCEPT	single-cap	2
SÛREMENT	1	ACCEPT	single-cap	2
SÛREMENT PAS	1	REJECT	cap-seq+allcaps-short-in-seq	1
SÛREMENT PAS Barr	1	REJECT	cap-seq+allcaps-short-in-seq	1
TARDERA	1	ACCEPT	single-cap	2
TARDERA SÛREMENT	1	ACCEPT	cap-seq	3
TARDERA SÛREMENT PAS	1	REJECT	cap-seq+allcaps-short-in-seq	1
TRIOMPHE	1	ACCEPT	single-cap	2
TRIOMPHE FINAL	1	ACCEPT	cap-seq	3
TRIOMPHE FINAL RECHERCHÉ	1	ACCEPT	cap-seq	3
TROISIÈME	1	ACCEPT	single-cap	2
TROISIÈME PARTIE	1	ACCEPT	cap-seq	3
TROISIÈME PARTIE LE	1	ACCEPT	cap-seq	3
Tais-toi	1	ACCEPT	single-cap	2
Tais-toi Fran	1	ACCEPT	cap-seq	3
Tais-toi Fran Mais	1	ACCEPT	cap-seq	3
Telles	1	ACCEPT	single-cap	2
Tenez Il	1	REJECT	mostly-stopwords	-10
Tenez-vous	1	ACCEPT	single-cap	2
Terel	1	ACCEPT	single-cap	2
Terel Je	1	REJECT	mostly-stopwords	-10
Terminus Il	1	REJECT	mostly-stopwords	-10
Terminus Je	1	REJECT	mostly-stopwords	-10
Terminus Votre	1	ACCEPT	cap-seq	3
Tiens Comme	1	ACCEPT	cap-seq	3
Tiens Torie	1	ACCEPT	cap-seq	3
Tirer	1	ACCEPT	single-cap	2
Toi	1	ACCEPT	single-cap	2
Toran Ah	1	ACCEPT	cap-seq	3
Toran Capitaine	1	ACCEPT	cap-seq	3
Toran Celui-ci	1	ACCEPT	cap-seq	3
Toran Et	1	REJECT	mostly-stopwords	-10
Toran J'avais	1	ACCEPT	cap-seq	3
Toran Magnifico	1	ACCEPT	cap-seq	3
Toran Mais	1	ACCEPT	cap-seq	3
Toran Non	1	REJECT	mostly-stopwords	-10
Toran Non La	1	REJECT	mostly-stopwords	-10
Toran Personne	1	ACCEPT	cap-seq	3
Toran Peut-être	1	REJECT	dialog-lead+cap-seq	0
Toran Pouvez-vous	1	ACCEPT	cap-seq	3
Toran Que	1	REJECT	mostly-stopwords	-10
Toran Qui	1	REJECT	mostly-stopwords	-10
Toran Regarde-moi	1	ACCEPT	cap-seq	3
Toran Rien	1	ACCEPT	cap-seq	3
Toran Rien Rien	1	ACCEPT	cap-seq	3
Toran Si	1	REJECT	mostly-stopwords	-10
Toran Ton	1	ACCEPT	cap-seq	3
Toran Une	1	REJECT	mostly-stopwords	-10
Toran Voudrez	1	ACCEPT	cap-seq	3
Toran Vous	1	REJECT	mostly-stopwords	-10
Toran Ça	1	ACCEPT	cap-seq	3
Torie Bien	1	ACCEPT	cap-seq	3
Torie Est-ce	1	ACCEPT	cap-seq	3
Torie Il	1	REJECT	mostly-stopwords	-10
Torie La	1	REJECT	mostly-stopwords	-10
Torie Oui	1	REJECT	mostly-stopwords	-10
Torie Oui Torie	1	REJECT	dialog-lead+cap-seq+stopword-in-seq	-2
Torie Tu	1	REJECT	mostly-stopwords	-10
Torie Vous	1	REJECT	mostly-stopwords	-10
Torie À	1	REJECT	cap-seq+allcaps-short-in-seq	1
Toujours Pritcher	1	ACCEPT	cap-seq	3
Tout Siwenna	1	ACCEPT	cap-seq	3
Trantor A	1	REJECT	cap-seq+allcaps-short-in-seq	1
Trantor Comment	1	ACCEPT	cap-seq	3
Trantor Dans	1	ACCEPT	cap-seq	3
Trantor Exactement	1	ACCEPT	cap-seq	3
Trantor Exactement Ce	1	ACCEPT	cap-seq	3
Trantor Je	1	REJECT	mostly-stopwords	-10
Trantor Les	1	REJECT	mostly-stopwords	-10
Trantor Trantor	1	ACCEPT	cap-seq	3
Trantor Un	1	REJECT	mostly-stopwords	-10
Trantor Une	1	REJECT	mostly-stopwords	-10
Trantor Votre	1	ACCEPT	cap-seq	3
Trantor Votre Majesté	1	ACCEPT	cap-seq	3
Trantor Vous	1	REJECT	mostly-stopwords	-10
Trantor Voyez-vous	1	ACCEPT	cap-seq	3
Tribune	1	ACCEPT	single-cap	2
Trouvez	1	ACCEPT	single-cap	2
Très Excellence	1	ACCEPT	cap-seq	3
Très Excellence Les	1	ACCEPT	cap-seq	3
Tâchez	1	ACCEPT	single-cap	2
Têtu	1	ACCEPT	single-cap	2
Un Visi-Sonor	1	REJECT	mostly-stopwords	-10
Universel	1	ACCEPT	single-cap	2
Untel	1	ACCEPT	single-cap	2
V	1	REJECT	allcaps-short+roman-like	-5
V Avec	1	REJECT	cap-seq+allcaps-short-in-seq+roman-in-seq	-2
V Avec Siwenna	1	REJECT	cap-seq+allcaps-short-in-seq+roman-in-seq	-2
VI Les	1	REJECT	mostly-stopwords	-10
VI Repérer	1	REJECT	cap-seq+allcaps-short-in-seq+roman-in-seq	-2
VIII	1	REJECT	allcaps-short+roman-like	-5
VIII Mangeons	1	REJECT	cap-seq+allcaps-short-in-seq+roman-in-seq	-2
VIII Mangeons Il	1	REJECT	cap-seq+stopword-in-seq+allcaps-short-in-seq+roman-in-seq	-4
VISIBLEMENT	1	ACCEPT	single-cap	2
VISIBLEMENT ET	1	REJECT	cap-seq+allcaps-short-in-seq	1
VISIBLEMENT ET LE	1	REJECT	cap-seq+allcaps-short-in-seq	1
VIT La	1	REJECT	mostly-stopwords	-10
VIT Vous	1	REJECT	mostly-stopwords	-10
VOIX	1	REJECT	allcaps-short	-2
VOIX C'est	1	REJECT	cap-seq+allcaps-short-in-seq	1
VOUS SALUE	1	REJECT	cap-seq+allcaps-short-in-seq	1
VOUS SALUE LA	1	REJECT	cap-seq+allcaps-short-in-seq	1
Venaient	1	ACCEPT	single-cap	2
Venez La	1	REJECT	mostly-stopwords	-10
Venez Magnifiée	1	ACCEPT	cap-seq	3
Veuillez	1	ACCEPT	single-cap	2
Vingtième	1	ACCEPT	single-cap	2
Vingtième Flotte	1	ACCEPT	cap-seq	3
Visi-Sonor Joue	1	ACCEPT	cap-seq	3
Visi-Sonor Le	1	REJECT	mostly-stopwords	-10
Vite	1	ACCEPT	single-cap	2
Vite IT	1	REJECT	cap-seq+allcaps-short-in-seq	1
Vivant	1	ACCEPT	single-cap	2
Voici	1	ACCEPT	single-cap	2
Voici On	1	ACCEPT	cap-seq	3
Votre Altesse	1	ACCEPT	cap-seq	3
Votre Excellence	1	ACCEPT	cap-seq	3
Voudrez	1	ACCEPT	single-cap	2
Voudriez-vous	1	ACCEPT	single-cap	2
Vous Devers	1	REJECT	mostly-stopwords	-10
Voyez-vous	1	ACCEPT	single-cap	2
Voyons Fran	1	ACCEPT	cap-seq	3
Voyons Magnifico	1	ACCEPT	cap-seq	3
Voyons Magnifiée	1	ACCEPT	cap-seq	3
Vraiment Alors	1	ACCEPT	cap-seq	3
Vraiment Appelez-moi	1	ACCEPT	cap-seq	3
Vraiment Appelez-moi Fran	1	ACCEPT	cap-seq	3
Vraiment Et	1	REJECT	mostly-stopwords	-10
Vraiment Mais	1	ACCEPT	cap-seq	3
Vraiment Pourquoi	1	REJECT	mostly-stopwords	-10
Vraiment Pourquoi C'est	1	REJECT	dialog-lead+cap-seq+stopword-in-seq	-2
Vénéré Seigneur Et	1	REJECT	cap-seq+stopword-in-seq	1
X Lathan	1	REJECT	cap-seq+allcaps-short-in-seq+roman-in-seq	-2
X Lathan Devers	1	REJECT	cap-seq+allcaps-short-in-seq+roman-in-seq	-2
Y	1	REJECT	allcaps-short	-2
Yume	1	ACCEPT	single-cap	2
À BEL	1	REJECT	cap-seq+allcaps-short-in-seq	1
À BEL RIOSE	1	REJECT	cap-seq+allcaps-short-in-seq	1
À Bayta	1	REJECT	cap-seq+allcaps-short-in-seq	1
Ça Et	1	REJECT	mostly-stopwords	-10
Îles	1	ACCEPT	single-cap	2
Ôta	1	ACCEPT	single-cap	2
